{"cameraMode":{"drawMode":0,"name":"Shaded","section":"Shading Mode"},"sceneLighting":false,"audioPlay":false,"sceneViewState":{"showFog":true,"showMaterialUpdate":false,"showSkybox":false,"showFlares":true,"showImageEffects":true,"showParticleSystems":true},"in2DMode":false,"pivot":{"x":4.582235813140869,"y":3.145570993423462,"z":-0.016181830316781999},"rotation":{"x":-0.17764407396316529,"y":0.7275799512863159,"z":-0.20513617992401124,"w":-0.6300705671310425},"size":2.700017213821411,"orthographic":false}